UF,SITUACAO,ADEQUACAO,AGUA,ESGOTO,LIXO,n
11,Rural,Adequado,Adequado,Adequado,Adequado,0
11,Rural,Adequado,Adequado,Adequado,Inadequado,0
11,Rural,Adequado,Adequado,Inadequado,Adequado,0
11,Rural,Adequado,Adequado,Inadequado,Inadequado,0
11,Rural,Adequado,Inadequado,Adequado,Adequado,0
11,Rural,Adequado,Inadequado,Adequado,Inadequado,0
11,Rural,Adequado,Inadequado,Inadequado,Adequado,0
11,Rural,Adequado,Inadequado,Inadequado,Inadequado,0
11,Rural,Inadequado,Adequado,Adequado,Adequado,0
11,Rural,Inadequado,Adequado,Adequado,Inadequado,0
11,Rural,Inadequado,Adequado,Inadequado,Adequado,0
11,Rural,Inadequado,Adequado,Inadequado,Inadequado,0
11,Rural,Inadequado,Inadequado,Adequado,Adequado,0
11,Rural,Inadequado,Inadequado,Adequado,Inadequado,0
11,Rural,Inadequado,Inadequado,Inadequado,Adequado,0
11,Rural,Inadequado,Inadequado,Inadequado,Inadequado,29556
11,Rural,Semi-adequado,Adequado,Adequado,Adequado,0
11,Rural,Semi-adequado,Adequado,Adequado,Inadequado,17162
11,Rural,Semi-adequado,Adequado,Inadequado,Adequado,8681
11,Rural,Semi-adequado,Adequado,Inadequado,Inadequado,355757
11,Rural,Semi-adequado,Inadequado,Adequado,Adequado,0
11,Rural,Semi-adequado,Inadequado,Adequado,Inadequado,1565
11,Rural,Semi-adequado,Inadequado,Inadequado,Adequado,0
11,Rural,Semi-adequado,Inadequado,Inadequado,Inadequado,0
11,Urbano,Adequado,Adequado,Adequado,Adequado,230842
11,Urbano,Adequado,Adequado,Adequado,Inadequado,0
11,Urbano,Adequado,Adequado,Inadequado,Adequado,0
11,Urbano,Adequado,Adequado,Inadequado,Inadequado,0
11,Urbano,Adequado,Inadequado,Adequado,Adequado,0
11,Urbano,Adequado,Inadequado,Adequado,Inadequado,0
11,Urbano,Adequado,Inadequado,Inadequado,Adequado,0
11,Urbano,Adequado,Inadequado,Inadequado,Inadequado,0
11,Urbano,Inadequado,Adequado,Adequado,Adequado,0
11,Urbano,Inadequado,Adequado,Adequado,Inadequado,0
11,Urbano,Inadequado,Adequado,Inadequado,Adequado,0
11,Urbano,Inadequado,Adequado,Inadequado,Inadequado,0
11,Urbano,Inadequado,Inadequado,Adequado,Adequado,0
11,Urbano,Inadequado,Inadequado,Adequado,Inadequado,0
11,Urbano,Inadequado,Inadequado,Inadequado,Adequado,0
11,Urbano,Inadequado,Inadequado,Inadequado,Inadequado,5095
11,Urbano,Semi-adequado,Adequado,Adequado,Adequado,0
11,Urbano,Semi-adequado,Adequado,Adequado,Inadequado,27668
11,Urbano,Semi-adequado,Adequado,Inadequado,Adequado,876663
11,Urbano,Semi-adequado,Adequado,Inadequado,Inadequado,194967
11,Urbano,Semi-adequado,Inadequado,Adequado,Adequado,0
11,Urbano,Semi-adequado,Inadequado,Adequado,Inadequado,0
11,Urbano,Semi-adequado,Inadequado,Inadequado,Adequado,18734
11,Urbano,Semi-adequado,Inadequado,Inadequado,Inadequado,0
12,Rural,Adequado,Adequado,Adequado,Adequado,1193
12,Rural,Adequado,Adequado,Adequado,Inadequado,0
12,Rural,Adequado,Adequado,Inadequado,Adequado,0
12,Rural,Adequado,Adequado,Inadequado,Inadequado,0
12,Rural,Adequado,Inadequado,Adequado,Adequado,0
12,Rural,Adequado,Inadequado,Adequado,Inadequado,0
12,Rural,Adequado,Inadequado,Inadequado,Adequado,0
12,Rural,Adequado,Inadequado,Inadequado,Inadequado,0
12,Rural,Inadequado,Adequado,Adequado,Adequado,0
12,Rural,Inadequado,Adequado,Adequado,Inadequado,0
12,Rural,Inadequado,Adequado,Inadequado,Adequado,0
12,Rural,Inadequado,Adequado,Inadequado,Inadequado,0
12,Rural,Inadequado,Inadequado,Adequado,Adequado,0
12,Rural,Inadequado,Inadequado,Adequado,Inadequado,0
12,Rural,Inadequado,Inadequado,Inadequado,Adequado,0
12,Rural,Inadequado,Inadequado,Inadequado,Inadequado,89918
12,Rural,Semi-adequado,Adequado,Adequado,Adequado,0
12,Rural,Semi-adequado,Adequado,Adequado,Inadequado,0
12,Rural,Semi-adequado,Adequado,Inadequado,Adequado,18940
12,Rural,Semi-adequado,Adequado,Inadequado,Inadequado,117838
12,Rural,Semi-adequado,Inadequado,Adequado,Adequado,0
12,Rural,Semi-adequado,Inadequado,Adequado,Inadequado,0
12,Rural,Semi-adequado,Inadequado,Inadequado,Adequado,4154
12,Rural,Semi-adequado,Inadequado,Inadequado,Inadequado,0
12,Urbano,Adequado,Adequado,Adequado,Adequado,293890
12,Urbano,Adequado,Adequado,Adequado,Inadequado,0
12,Urbano,Adequado,Adequado,Inadequado,Adequado,0
12,Urbano,Adequado,Adequado,Inadequado,Inadequado,0
12,Urbano,Adequado,Inadequado,Adequado,Adequado,0
12,Urbano,Adequado,Inadequado,Adequado,Inadequado,0
12,Urbano,Adequado,Inadequado,Inadequado,Adequado,0
12,Urbano,Adequado,Inadequado,Inadequado,Inadequado,0
12,Urbano,Inadequado,Adequado,Adequado,Adequado,0
12,Urbano,Inadequado,Adequado,Adequado,Inadequado,0
12,Urbano,Inadequado,Adequado,Inadequado,Adequado,0
12,Urbano,Inadequado,Adequado,Inadequado,Inadequado,0
12,Urbano,Inadequado,Inadequado,Adequado,Adequado,0
12,Urbano,Inadequado,Inadequado,Adequado,Inadequado,0
12,Urbano,Inadequado,Inadequado,Inadequado,Adequado,0
12,Urbano,Inadequado,Inadequado,Inadequado,Inadequado,9487
12,Urbano,Semi-adequado,Adequado,Adequado,Adequado,0
12,Urbano,Semi-adequado,Adequado,Adequado,Inadequado,17628
12,Urbano,Semi-adequado,Adequado,Inadequado,Adequado,200934
12,Urbano,Semi-adequado,Adequado,Inadequado,Inadequado,60969
12,Urbano,Semi-adequado,Inadequado,Adequado,Adequado,8017
12,Urbano,Semi-adequado,Inadequado,Adequado,Inadequado,393
12,Urbano,Semi-adequado,Inadequado,Inadequado,Adequado,42062
12,Urbano,Semi-adequado,Inadequado,Inadequado,Inadequado,0
13,Rural,Adequado,Adequado,Adequado,Adequado,0
13,Rural,Adequado,Adequado,Adequado,Inadequado,0
13,Rural,Adequado,Adequado,Inadequado,Adequado,0
13,Rural,Adequado,Adequado,Inadequado,Inadequado,0
13,Rural,Adequado,Inadequado,Adequado,Adequado,0
13,Rural,Adequado,Inadequado,Adequado,Inadequado,0
13,Rural,Adequado,Inadequado,Inadequado,Adequado,0
13,Rural,Adequado,Inadequado,Inadequado,Inadequado,0
13,Rural,Inadequado,Adequado,Adequado,Adequado,0
13,Rural,Inadequado,Adequado,Adequado,Inadequado,0
13,Rural,Inadequado,Adequado,Inadequado,Adequado,0
13,Rural,Inadequado,Adequado,Inadequado,Inadequado,0
13,Rural,Inadequado,Inadequado,Adequado,Adequado,0
13,Rural,Inadequado,Inadequado,Adequado,Inadequado,0
13,Rural,Inadequado,Inadequado,Inadequado,Adequado,0
13,Rural,Inadequado,Inadequado,Inadequado,Inadequado,421126
13,Rural,Semi-adequado,Adequado,Adequado,Adequado,0
13,Rural,Semi-adequado,Adequado,Adequado,Inadequado,1165
13,Rural,Semi-adequado,Adequado,Inadequado,Adequado,45942
13,Rural,Semi-adequado,Adequado,Inadequado,Inadequado,221670
13,Rural,Semi-adequado,Inadequado,Adequado,Adequado,0
13,Rural,Semi-adequado,Inadequado,Adequado,Inadequado,0
13,Rural,Semi-adequado,Inadequado,Inadequado,Adequado,4139
13,Rural,Semi-adequado,Inadequado,Inadequado,Inadequado,0
13,Urbano,Adequado,Adequado,Adequado,Adequado,1610330
13,Urbano,Adequado,Adequado,Adequado,Inadequado,0
13,Urbano,Adequado,Adequado,Inadequado,Adequado,0
13,Urbano,Adequado,Adequado,Inadequado,Inadequado,0
13,Urbano,Adequado,Inadequado,Adequado,Adequado,0
13,Urbano,Adequado,Inadequado,Adequado,Inadequado,0
13,Urbano,Adequado,Inadequado,Inadequado,Adequado,0
13,Urbano,Adequado,Inadequado,Inadequado,Inadequado,0
13,Urbano,Inadequado,Adequado,Adequado,Adequado,0
13,Urbano,Inadequado,Adequado,Adequado,Inadequado,0
13,Urbano,Inadequado,Adequado,Inadequado,Adequado,0
13,Urbano,Inadequado,Adequado,Inadequado,Inadequado,0
13,Urbano,Inadequado,Inadequado,Adequado,Adequado,0
13,Urbano,Inadequado,Inadequado,Adequado,Inadequado,0
13,Urbano,Inadequado,Inadequado,Inadequado,Adequado,0
13,Urbano,Inadequado,Inadequado,Inadequado,Inadequado,37245
13,Urbano,Semi-adequado,Adequado,Adequado,Adequado,0
13,Urbano,Semi-adequado,Adequado,Adequado,Inadequado,67237
13,Urbano,Semi-adequado,Adequado,Inadequado,Adequado,1146060
13,Urbano,Semi-adequado,Adequado,Inadequado,Inadequado,351867
13,Urbano,Semi-adequado,Inadequado,Adequado,Adequado,24805
13,Urbano,Semi-adequado,Inadequado,Adequado,Inadequado,0
13,Urbano,Semi-adequado,Inadequado,Inadequado,Adequado,51419
13,Urbano,Semi-adequado,Inadequado,Inadequado,Inadequado,0
14,Rural,Adequado,Adequado,Adequado,Adequado,0
14,Rural,Adequado,Adequado,Adequado,Inadequado,0
14,Rural,Adequado,Adequado,Inadequado,Adequado,0
14,Rural,Adequado,Adequado,Inadequado,Inadequado,0
14,Rural,Adequado,Inadequado,Adequado,Adequado,0
14,Rural,Adequado,Inadequado,Adequado,Inadequado,0
14,Rural,Adequado,Inadequado,Inadequado,Adequado,0
14,Rural,Adequado,Inadequado,Inadequado,Inadequado,0
14,Rural,Inadequado,Adequado,Adequado,Adequado,0
14,Rural,Inadequado,Adequado,Adequado,Inadequado,0
14,Rural,Inadequado,Adequado,Inadequado,Adequado,0
14,Rural,Inadequado,Adequado,Inadequado,Inadequado,0
14,Rural,Inadequado,Inadequado,Adequado,Adequado,0
14,Rural,Inadequado,Inadequado,Adequado,Inadequado,0
14,Rural,Inadequado,Inadequado,Inadequado,Adequado,0
14,Rural,Inadequado,Inadequado,Inadequado,Inadequado,27404
14,Rural,Semi-adequado,Adequado,Adequado,Adequado,0
14,Rural,Semi-adequado,Adequado,Adequado,Inadequado,848
14,Rural,Semi-adequado,Adequado,Inadequado,Adequado,18453
14,Rural,Semi-adequado,Adequado,Inadequado,Inadequado,39457
14,Rural,Semi-adequado,Inadequado,Adequado,Adequado,0
14,Rural,Semi-adequado,Inadequado,Adequado,Inadequado,0
14,Rural,Semi-adequado,Inadequado,Inadequado,Adequado,1116
14,Rural,Semi-adequado,Inadequado,Inadequado,Inadequado,0
14,Urbano,Adequado,Adequado,Adequado,Adequado,195783
14,Urbano,Adequado,Adequado,Adequado,Inadequado,0
14,Urbano,Adequado,Adequado,Inadequado,Adequado,0
14,Urbano,Adequado,Adequado,Inadequado,Inadequado,0
14,Urbano,Adequado,Inadequado,Adequado,Adequado,0
14,Urbano,Adequado,Inadequado,Adequado,Inadequado,0
14,Urbano,Adequado,Inadequado,Inadequado,Adequado,0
14,Urbano,Adequado,Inadequado,Inadequado,Inadequado,0
14,Urbano,Inadequado,Adequado,Adequado,Adequado,0
14,Urbano,Inadequado,Adequado,Adequado,Inadequado,0
14,Urbano,Inadequado,Adequado,Inadequado,Adequado,0
14,Urbano,Inadequado,Adequado,Inadequado,Inadequado,0
14,Urbano,Inadequado,Inadequado,Adequado,Adequado,0
14,Urbano,Inadequado,Inadequado,Adequado,Inadequado,0
14,Urbano,Inadequado,Inadequado,Inadequado,Adequado,0
14,Urbano,Inadequado,Inadequado,Inadequado,Inadequado,2150
14,Urbano,Semi-adequado,Adequado,Adequado,Adequado,0
14,Urbano,Semi-adequado,Adequado,Adequado,Inadequado,813
14,Urbano,Semi-adequado,Adequado,Inadequado,Adequado,220320
14,Urbano,Semi-adequado,Adequado,Inadequado,Inadequado,12473
14,Urbano,Semi-adequado,Inadequado,Adequado,Adequado,5235
14,Urbano,Semi-adequado,Inadequado,Adequado,Inadequado,97
14,Urbano,Semi-adequado,Inadequado,Inadequado,Adequado,15593
14,Urbano,Semi-adequado,Inadequado,Inadequado,Inadequado,0
15,Rural,Adequado,Adequado,Adequado,Adequado,54244
15,Rural,Adequado,Adequado,Adequado,Inadequado,0
15,Rural,Adequado,Adequado,Inadequado,Adequado,0
15,Rural,Adequado,Adequado,Inadequado,Inadequado,0
15,Rural,Adequado,Inadequado,Adequado,Adequado,0
15,Rural,Adequado,Inadequado,Adequado,Inadequado,0
15,Rural,Adequado,Inadequado,Inadequado,Adequado,0
15,Rural,Adequado,Inadequado,Inadequado,Inadequado,0
15,Rural,Inadequado,Adequado,Adequado,Adequado,0
15,Rural,Inadequado,Adequado,Adequado,Inadequado,0
15,Rural,Inadequado,Adequado,Inadequado,Adequado,0
15,Rural,Inadequado,Adequado,Inadequado,Inadequado,0
15,Rural,Inadequado,Inadequado,Adequado,Adequado,0
15,Rural,Inadequado,Inadequado,Adequado,Inadequado,0
15,Rural,Inadequado,Inadequado,Inadequado,Adequado,0
15,Rural,Inadequado,Inadequado,Inadequado,Inadequado,850434
15,Rural,Semi-adequado,Adequado,Adequado,Adequado,0
15,Rural,Semi-adequado,Adequado,Adequado,Inadequado,32638
15,Rural,Semi-adequado,Adequado,Inadequado,Adequado,252768
15,Rural,Semi-adequado,Adequado,Inadequado,Inadequado,1150710
15,Rural,Semi-adequado,Inadequado,Adequado,Adequado,0
15,Rural,Semi-adequado,Inadequado,Adequado,Inadequado,0
15,Rural,Semi-adequado,Inadequado,Inadequado,Adequado,37627
15,Rural,Semi-adequado,Inadequado,Inadequado,Inadequado,0
15,Urbano,Adequado,Adequado,Adequado,Adequado,1303312
15,Urbano,Adequado,Adequado,Adequado,Inadequado,0
15,Urbano,Adequado,Adequado,Inadequado,Adequado,0
15,Urbano,Adequado,Adequado,Inadequado,Inadequado,0
15,Urbano,Adequado,Inadequado,Adequado,Adequado,0
15,Urbano,Adequado,Inadequado,Adequado,Inadequado,0
15,Urbano,Adequado,Inadequado,Inadequado,Adequado,0
15,Urbano,Adequado,Inadequado,Inadequado,Inadequado,0
15,Urbano,Inadequado,Adequado,Adequado,Adequado,0
15,Urbano,Inadequado,Adequado,Adequado,Inadequado,0
15,Urbano,Inadequado,Adequado,Inadequado,Adequado,0
15,Urbano,Inadequado,Adequado,Inadequado,Inadequado,0
15,Urbano,Inadequado,Inadequado,Adequado,Adequado,0
15,Urbano,Inadequado,Inadequado,Adequado,Inadequado,0
15,Urbano,Inadequado,Inadequado,Inadequado,Adequado,0
15,Urbano,Inadequado,Inadequado,Inadequado,Inadequado,70841
15,Urbano,Semi-adequado,Adequado,Adequado,Adequado,0
15,Urbano,Semi-adequado,Adequado,Adequado,Inadequado,113812
15,Urbano,Semi-adequado,Adequado,Inadequado,Adequado,3923025
15,Urbano,Semi-adequado,Adequado,Inadequado,Inadequado,309148
15,Urbano,Semi-adequado,Inadequado,Adequado,Adequado,16217
15,Urbano,Semi-adequado,Inadequado,Adequado,Inadequado,2496
15,Urbano,Semi-adequado,Inadequado,Inadequado,Adequado,443826
15,Urbano,Semi-adequado,Inadequado,Inadequado,Inadequado,0
16,Rural,Adequado,Adequado,Adequado,Adequado,2949
16,Rural,Adequado,Adequado,Adequado,Inadequado,0
16,Rural,Adequado,Adequado,Inadequado,Adequado,0
16,Rural,Adequado,Adequado,Inadequado,Inadequado,0
16,Rural,Adequado,Inadequado,Adequado,Adequado,0
16,Rural,Adequado,Inadequado,Adequado,Inadequado,0
16,Rural,Adequado,Inadequado,Inadequado,Adequado,0
16,Rural,Adequado,Inadequado,Inadequado,Inadequado,0
16,Rural,Inadequado,Adequado,Adequado,Adequado,0
16,Rural,Inadequado,Adequado,Adequado,Inadequado,0
16,Rural,Inadequado,Adequado,Inadequado,Adequado,0
16,Rural,Inadequado,Adequado,Inadequado,Inadequado,0
16,Rural,Inadequado,Inadequado,Adequado,Adequado,0
16,Rural,Inadequado,Inadequado,Adequado,Inadequado,0
16,Rural,Inadequado,Inadequado,Inadequado,Adequado,0
16,Rural,Inadequado,Inadequado,Inadequado,Inadequado,32400
16,Rural,Semi-adequado,Adequado,Adequado,Adequado,0
16,Rural,Semi-adequado,Adequado,Adequado,Inadequado,157
16,Rural,Semi-adequado,Adequado,Inadequado,Adequado,3160
16,Rural,Semi-adequado,Adequado,Inadequado,Inadequado,57812
16,Rural,Semi-adequado,Inadequado,Adequado,Adequado,0
16,Rural,Semi-adequado,Inadequado,Adequado,Inadequado,0
16,Rural,Semi-adequado,Inadequado,Inadequado,Adequado,0
16,Rural,Semi-adequado,Inadequado,Inadequado,Inadequado,0
16,Urbano,Adequado,Adequado,Adequado,Adequado,139412
16,Urbano,Adequado,Adequado,Adequado,Inadequado,0
16,Urbano,Adequado,Adequado,Inadequado,Adequado,0
16,Urbano,Adequado,Adequado,Inadequado,Inadequado,0
16,Urbano,Adequado,Inadequado,Adequado,Adequado,0
16,Urbano,Adequado,Inadequado,Adequado,Inadequado,0
16,Urbano,Adequado,Inadequado,Inadequado,Adequado,0
16,Urbano,Adequado,Inadequado,Inadequado,Inadequado,0
16,Urbano,Inadequado,Adequado,Adequado,Adequado,0
16,Urbano,Inadequado,Adequado,Adequado,Inadequado,0
16,Urbano,Inadequado,Adequado,Inadequado,Adequado,0
16,Urbano,Inadequado,Adequado,Inadequado,Inadequado,0
16,Urbano,Inadequado,Inadequado,Adequado,Adequado,0
16,Urbano,Inadequado,Inadequado,Adequado,Inadequado,0
16,Urbano,Inadequado,Inadequado,Inadequado,Adequado,0
16,Urbano,Inadequado,Inadequado,Inadequado,Inadequado,4609
16,Urbano,Semi-adequado,Adequado,Adequado,Adequado,0
16,Urbano,Semi-adequado,Adequado,Adequado,Inadequado,1606
16,Urbano,Semi-adequado,Adequado,Inadequado,Adequado,542409
16,Urbano,Semi-adequado,Adequado,Inadequado,Inadequado,31510
16,Urbano,Semi-adequado,Inadequado,Adequado,Adequado,578
16,Urbano,Semi-adequado,Inadequado,Adequado,Inadequado,1204
16,Urbano,Semi-adequado,Inadequado,Inadequado,Adequado,19770
16,Urbano,Semi-adequado,Inadequado,Inadequado,Inadequado,0
17,Rural,Adequado,Adequado,Adequado,Adequado,0
17,Rural,Adequado,Adequado,Adequado,Inadequado,0
17,Rural,Adequado,Adequado,Inadequado,Adequado,0
17,Rural,Adequado,Adequado,Inadequado,Inadequado,0
17,Rural,Adequado,Inadequado,Adequado,Adequado,0
17,Rural,Adequado,Inadequado,Adequado,Inadequado,0
17,Rural,Adequado,Inadequado,Inadequado,Adequado,0
17,Rural,Adequado,Inadequado,Inadequado,Inadequado,0
17,Rural,Inadequado,Adequado,Adequado,Adequado,0
17,Rural,Inadequado,Adequado,Adequado,Inadequado,0
17,Rural,Inadequado,Adequado,Inadequado,Adequado,0
17,Rural,Inadequado,Adequado,Inadequado,Inadequado,0
17,Rural,Inadequado,Inadequado,Adequado,Adequado,0
17,Rural,Inadequado,Inadequado,Adequado,Inadequado,0
17,Rural,Inadequado,Inadequado,Inadequado,Adequado,0
17,Rural,Inadequado,Inadequado,Inadequado,Inadequado,37161
17,Rural,Semi-adequado,Adequado,Adequado,Adequado,0
17,Rural,Semi-adequado,Adequado,Adequado,Inadequado,12137
17,Rural,Semi-adequado,Adequado,Inadequado,Adequado,18508
17,Rural,Semi-adequado,Adequado,Inadequado,Inadequado,207819
17,Rural,Semi-adequado,Inadequado,Adequado,Adequado,0
17,Rural,Semi-adequado,Inadequado,Adequado,Inadequado,1788
17,Rural,Semi-adequado,Inadequado,Inadequado,Adequado,0
17,Rural,Semi-adequado,Inadequado,Inadequado,Inadequado,0
17,Urbano,Adequado,Adequado,Adequado,Adequado,450809
17,Urbano,Adequado,Adequado,Adequado,Inadequado,0
17,Urbano,Adequado,Adequado,Inadequado,Adequado,0
17,Urbano,Adequado,Adequado,Inadequado,Inadequado,0
17,Urbano,Adequado,Inadequado,Adequado,Adequado,0
17,Urbano,Adequado,Inadequado,Adequado,Inadequado,0
17,Urbano,Adequado,Inadequado,Inadequado,Adequado,0
17,Urbano,Adequado,Inadequado,Inadequado,Inadequado,0
17,Urbano,Inadequado,Adequado,Adequado,Adequado,0
17,Urbano,Inadequado,Adequado,Adequado,Inadequado,0
17,Urbano,Inadequado,Adequado,Inadequado,Adequado,0
17,Urbano,Inadequado,Adequado,Inadequado,Inadequado,0
17,Urbano,Inadequado,Inadequado,Adequado,Adequado,0
17,Urbano,Inadequado,Inadequado,Adequado,Inadequado,0
17,Urbano,Inadequado,Inadequado,Inadequado,Adequado,0
17,Urbano,Inadequado,Inadequado,Inadequado,Inadequado,6369
17,Urbano,Semi-adequado,Adequado,Adequado,Adequado,0
17,Urbano,Semi-adequado,Adequado,Adequado,Inadequado,63999
17,Urbano,Semi-adequado,Adequado,Inadequado,Adequado,576439
17,Urbano,Semi-adequado,Adequado,Inadequado,Inadequado,132325
17,Urbano,Semi-adequado,Inadequado,Adequado,Adequado,6407
17,Urbano,Semi-adequado,Inadequado,Adequado,Inadequado,17723
17,Urbano,Semi-adequado,Inadequado,Inadequado,Adequado,28173
17,Urbano,Semi-adequado,Inadequado,Inadequado,Inadequado,0
21,Rural,Adequado,Adequado,Adequado,Adequado,63378
21,Rural,Adequado,Adequado,Adequado,Inadequado,0
21,Rural,Adequado,Adequado,Inadequado,Adequado,0
21,Rural,Adequado,Adequado,Inadequado,Inadequado,0
21,Rural,Adequado,Inadequado,Adequado,Adequado,0
21,Rural,Adequado,Inadequado,Adequado,Inadequado,0
21,Rural,Adequado,Inadequado,Inadequado,Adequado,0
21,Rural,Adequado,Inadequado,Inadequado,Inadequado,0
21,Rural,Inadequado,Adequado,Adequado,Adequado,0
21,Rural,Inadequado,Adequado,Adequado,Inadequado,0
21,Rural,Inadequado,Adequado,Inadequado,Adequado,0
21,Rural,Inadequado,Adequado,Inadequado,Inadequado,0
21,Rural,Inadequado,Inadequado,Adequado,Adequado,0
21,Rural,Inadequado,Inadequado,Adequado,Inadequado,0
21,Rural,Inadequado,Inadequado,Inadequado,Adequado,0
21,Rural,Inadequado,Inadequado,Inadequado,Inadequado,770158
21,Rural,Semi-adequado,Adequado,Adequado,Adequado,0
21,Rural,Semi-adequado,Adequado,Adequado,Inadequado,56530
21,Rural,Semi-adequado,Adequado,Inadequado,Adequado,230006
21,Rural,Semi-adequado,Adequado,Inadequado,Inadequado,1056312
21,Rural,Semi-adequado,Inadequado,Adequado,Adequado,1697
21,Rural,Semi-adequado,Inadequado,Adequado,Inadequado,13215
21,Rural,Semi-adequado,Inadequado,Inadequado,Adequado,26249
21,Rural,Semi-adequado,Inadequado,Inadequado,Inadequado,0
21,Urbano,Adequado,Adequado,Adequado,Adequado,1202065
21,Urbano,Adequado,Adequado,Adequado,Inadequado,0
21,Urbano,Adequado,Adequado,Inadequado,Adequado,0
21,Urbano,Adequado,Adequado,Inadequado,Inadequado,0
21,Urbano,Adequado,Inadequado,Adequado,Adequado,0
21,Urbano,Adequado,Inadequado,Adequado,Inadequado,0
21,Urbano,Adequado,Inadequado,Inadequado,Adequado,0
21,Urbano,Adequado,Inadequado,Inadequado,Inadequado,0
21,Urbano,Inadequado,Adequado,Adequado,Adequado,0
21,Urbano,Inadequado,Adequado,Adequado,Inadequado,0
21,Urbano,Inadequado,Adequado,Inadequado,Adequado,0
21,Urbano,Inadequado,Adequado,Inadequado,Inadequado,0
21,Urbano,Inadequado,Inadequado,Adequado,Adequado,0
21,Urbano,Inadequado,Inadequado,Adequado,Inadequado,0
21,Urbano,Inadequado,Inadequado,Inadequado,Adequado,0
21,Urbano,Inadequado,Inadequado,Inadequado,Inadequado,187839
21,Urbano,Semi-adequado,Adequado,Adequado,Adequado,0
21,Urbano,Semi-adequado,Adequado,Adequado,Inadequado,134050
21,Urbano,Semi-adequado,Adequado,Inadequado,Adequado,2261013
21,Urbano,Semi-adequado,Adequado,Inadequado,Inadequado,899292
21,Urbano,Semi-adequado,Inadequado,Adequado,Adequado,10657
21,Urbano,Semi-adequado,Inadequado,Adequado,Inadequado,5903
21,Urbano,Semi-adequado,Inadequado,Inadequado,Adequado,122247
21,Urbano,Semi-adequado,Inadequado,Inadequado,Inadequado,0
22,Rural,Adequado,Adequado,Adequado,Adequado,1595
22,Rural,Adequado,Adequado,Adequado,Inadequado,0
22,Rural,Adequado,Adequado,Inadequado,Adequado,0
22,Rural,Adequado,Adequado,Inadequado,Inadequado,0
22,Rural,Adequado,Inadequado,Adequado,Adequado,0
22,Rural,Adequado,Inadequado,Adequado,Inadequado,0
22,Rural,Adequado,Inadequado,Inadequado,Adequado,0
22,Rural,Adequado,Inadequado,Inadequado,Inadequado,0
22,Rural,Inadequado,Adequado,Adequado,Adequado,0
22,Rural,Inadequado,Adequado,Adequado,Inadequado,0
22,Rural,Inadequado,Adequado,Inadequado,Adequado,0
22,Rural,Inadequado,Adequado,Inadequado,Inadequado,0
22,Rural,Inadequado,Inadequado,Adequado,Adequado,0
22,Rural,Inadequado,Inadequado,Adequado,Inadequado,0
22,Rural,Inadequado,Inadequado,Inadequado,Adequado,0
22,Rural,Inadequado,Inadequado,Inadequado,Inadequado,269226
22,Rural,Semi-adequado,Adequado,Adequado,Adequado,0
22,Rural,Semi-adequado,Adequado,Adequado,Inadequado,15799
22,Rural,Semi-adequado,Adequado,Inadequado,Adequado,171425
22,Rural,Semi-adequado,Adequado,Inadequado,Inadequado,658436
22,Rural,Semi-adequado,Inadequado,Adequado,Adequado,539
22,Rural,Semi-adequado,Inadequado,Adequado,Inadequado,0
22,Rural,Semi-adequado,Inadequado,Inadequado,Adequado,9103
22,Rural,Semi-adequado,Inadequado,Inadequado,Inadequado,0
22,Urbano,Adequado,Adequado,Adequado,Adequado,226221
22,Urbano,Adequado,Adequado,Adequado,Inadequado,0
22,Urbano,Adequado,Adequado,Inadequado,Adequado,0
22,Urbano,Adequado,Adequado,Inadequado,Inadequado,0
22,Urbano,Adequado,Inadequado,Adequado,Adequado,0
22,Urbano,Adequado,Inadequado,Adequado,Inadequado,0
22,Urbano,Adequado,Inadequado,Inadequado,Adequado,0
22,Urbano,Adequado,Inadequado,Inadequado,Inadequado,0
22,Urbano,Inadequado,Adequado,Adequado,Adequado,0
22,Urbano,Inadequado,Adequado,Adequado,Inadequado,0
22,Urbano,Inadequado,Adequado,Inadequado,Adequado,0
22,Urbano,Inadequado,Adequado,Inadequado,Inadequado,0
22,Urbano,Inadequado,Inadequado,Adequado,Adequado,0
22,Urbano,Inadequado,Inadequado,Adequado,Inadequado,0
22,Urbano,Inadequado,Inadequado,Inadequado,Adequado,0
22,Urbano,Inadequado,Inadequado,Inadequado,Inadequado,13231
22,Urbano,Semi-adequado,Adequado,Adequado,Adequado,0
22,Urbano,Semi-adequado,Adequado,Adequado,Inadequado,433
22,Urbano,Semi-adequado,Adequado,Inadequado,Adequado,1770490
22,Urbano,Semi-adequado,Adequado,Inadequado,Inadequado,102493
22,Urbano,Semi-adequado,Inadequado,Adequado,Adequado,1863
22,Urbano,Semi-adequado,Inadequado,Adequado,Inadequado,0
22,Urbano,Semi-adequado,Inadequado,Inadequado,Adequado,31592
22,Urbano,Semi-adequado,Inadequado,Inadequado,Inadequado,0
23,Rural,Adequado,Adequado,Adequado,Adequado,78600
23,Rural,Adequado,Adequado,Adequado,Inadequado,0
23,Rural,Adequado,Adequado,Inadequado,Adequado,0
23,Rural,Adequado,Adequado,Inadequado,Inadequado,0
23,Rural,Adequado,Inadequado,Adequado,Adequado,0
23,Rural,Adequado,Inadequado,Adequado,Inadequado,0
23,Rural,Adequado,Inadequado,Inadequado,Adequado,0
23,Rural,Adequado,Inadequado,Inadequado,Inadequado,0
23,Rural,Inadequado,Adequado,Adequado,Adequado,0
23,Rural,Inadequado,Adequado,Adequado,Inadequado,0
23,Rural,Inadequado,Adequado,Inadequado,Adequado,0
23,Rural,Inadequado,Adequado,Inadequado,Inadequado,0
23,Rural,Inadequado,Inadequado,Adequado,Adequado,0
23,Rural,Inadequado,Inadequado,Adequado,Inadequado,0
23,Rural,Inadequado,Inadequado,Inadequado,Adequado,0
23,Rural,Inadequado,Inadequado,Inadequado,Inadequado,596074
23,Rural,Semi-adequado,Adequado,Adequado,Adequado,0
23,Rural,Semi-adequado,Adequado,Adequado,Inadequado,59572
23,Rural,Semi-adequado,Adequado,Inadequado,Adequado,403360
23,Rural,Semi-adequado,Adequado,Inadequado,Inadequado,990007
23,Rural,Semi-adequado,Inadequado,Adequado,Adequado,5957
23,Rural,Semi-adequado,Inadequado,Adequado,Inadequado,11009
23,Rural,Semi-adequado,Inadequado,Inadequado,Adequado,63187
23,Rural,Semi-adequado,Inadequado,Inadequado,Inadequado,0
23,Urbano,Adequado,Adequado,Adequado,Adequado,3858390
23,Urbano,Adequado,Adequado,Adequado,Inadequado,0
23,Urbano,Adequado,Adequado,Inadequado,Adequado,0
23,Urbano,Adequado,Adequado,Inadequado,Inadequado,0
23,Urbano,Adequado,Inadequado,Adequado,Adequado,0
23,Urbano,Adequado,Inadequado,Adequado,Inadequado,0
23,Urbano,Adequado,Inadequado,Inadequado,Adequado,0
23,Urbano,Adequado,Inadequado,Inadequado,Inadequado,0
23,Urbano,Inadequado,Adequado,Adequado,Adequado,0
23,Urbano,Inadequado,Adequado,Adequado,Inadequado,0
23,Urbano,Inadequado,Adequado,Inadequado,Adequado,0
23,Urbano,Inadequado,Adequado,Inadequado,Inadequado,0
23,Urbano,Inadequado,Inadequado,Adequado,Adequado,0
23,Urbano,Inadequado,Inadequado,Adequado,Inadequado,0
23,Urbano,Inadequado,Inadequado,Inadequado,Adequado,0
23,Urbano,Inadequado,Inadequado,Inadequado,Inadequado,55931
23,Urbano,Semi-adequado,Adequado,Adequado,Adequado,0
23,Urbano,Semi-adequado,Adequado,Adequado,Inadequado,220656
23,Urbano,Semi-adequado,Adequado,Inadequado,Adequado,2245303
23,Urbano,Semi-adequado,Adequado,Inadequado,Inadequado,422441
23,Urbano,Semi-adequado,Inadequado,Adequado,Adequado,26151
23,Urbano,Semi-adequado,Inadequado,Adequado,Inadequado,2861
23,Urbano,Semi-adequado,Inadequado,Inadequado,Adequado,89879
23,Urbano,Semi-adequado,Inadequado,Inadequado,Inadequado,0
24,Rural,Adequado,Adequado,Adequado,Adequado,11515
24,Rural,Adequado,Adequado,Adequado,Inadequado,0
24,Rural,Adequado,Adequado,Inadequado,Adequado,0
24,Rural,Adequado,Adequado,Inadequado,Inadequado,0
24,Rural,Adequado,Inadequado,Adequado,Adequado,0
24,Rural,Adequado,Inadequado,Adequado,Inadequado,0
24,Rural,Adequado,Inadequado,Inadequado,Adequado,0
24,Rural,Adequado,Inadequado,Inadequado,Inadequado,0
24,Rural,Inadequado,Adequado,Adequado,Adequado,0
24,Rural,Inadequado,Adequado,Adequado,Inadequado,0
24,Rural,Inadequado,Adequado,Inadequado,Adequado,0
24,Rural,Inadequado,Adequado,Inadequado,Inadequado,0
24,Rural,Inadequado,Inadequado,Adequado,Adequado,0
24,Rural,Inadequado,Inadequado,Adequado,Inadequado,0
24,Rural,Inadequado,Inadequado,Inadequado,Adequado,0
24,Rural,Inadequado,Inadequado,Inadequado,Inadequado,132884
24,Rural,Semi-adequado,Adequado,Adequado,Adequado,0
24,Rural,Semi-adequado,Adequado,Adequado,Inadequado,3998
24,Rural,Semi-adequado,Adequado,Inadequado,Adequado,266239
24,Rural,Semi-adequado,Adequado,Inadequado,Inadequado,233010
24,Rural,Semi-adequado,Inadequado,Adequado,Adequado,1993
24,Rural,Semi-adequado,Inadequado,Adequado,Inadequado,0
24,Rural,Semi-adequado,Inadequado,Inadequado,Adequado,60071
24,Rural,Semi-adequado,Inadequado,Inadequado,Inadequado,0
24,Urbano,Adequado,Adequado,Adequado,Adequado,845560
24,Urbano,Adequado,Adequado,Adequado,Inadequado,0
24,Urbano,Adequado,Adequado,Inadequado,Adequado,0
24,Urbano,Adequado,Adequado,Inadequado,Inadequado,0
24,Urbano,Adequado,Inadequado,Adequado,Adequado,0
24,Urbano,Adequado,Inadequado,Adequado,Inadequado,0
24,Urbano,Adequado,Inadequado,Inadequado,Adequado,0
24,Urbano,Adequado,Inadequado,Inadequado,Inadequado,0
24,Urbano,Inadequado,Adequado,Adequado,Adequado,0
24,Urbano,Inadequado,Adequado,Adequado,Inadequado,0
24,Urbano,Inadequado,Adequado,Inadequado,Adequado,0
24,Urbano,Inadequado,Adequado,Inadequado,Inadequado,0
24,Urbano,Inadequado,Inadequado,Adequado,Adequado,0
24,Urbano,Inadequado,Inadequado,Adequado,Inadequado,0
24,Urbano,Inadequado,Inadequado,Inadequado,Adequado,0
24,Urbano,Inadequado,Inadequado,Inadequado,Inadequado,7347
24,Urbano,Semi-adequado,Adequado,Adequado,Adequado,0
24,Urbano,Semi-adequado,Adequado,Adequado,Inadequado,35020
24,Urbano,Semi-adequado,Adequado,Inadequado,Adequado,1757662
24,Urbano,Semi-adequado,Adequado,Inadequado,Inadequado,104612
24,Urbano,Semi-adequado,Inadequado,Adequado,Adequado,1554
24,Urbano,Semi-adequado,Inadequado,Adequado,Inadequado,0
24,Urbano,Semi-adequado,Inadequado,Inadequado,Adequado,45389
24,Urbano,Semi-adequado,Inadequado,Inadequado,Inadequado,0
25,Rural,Adequado,Adequado,Adequado,Adequado,53961
25,Rural,Adequado,Adequado,Adequado,Inadequado,0
25,Rural,Adequado,Adequado,Inadequado,Adequado,0
25,Rural,Adequado,Adequado,Inadequado,Inadequado,0
25,Rural,Adequado,Inadequado,Adequado,Adequado,0
25,Rural,Adequado,Inadequado,Adequado,Inadequado,0
25,Rural,Adequado,Inadequado,Inadequado,Adequado,0
25,Rural,Adequado,Inadequado,Inadequado,Inadequado,0
25,Rural,Inadequado,Adequado,Adequado,Adequado,0
25,Rural,Inadequado,Adequado,Adequado,Inadequado,0
25,Rural,Inadequado,Adequado,Inadequado,Adequado,0
25,Rural,Inadequado,Adequado,Inadequado,Inadequado,0
25,Rural,Inadequado,Inadequado,Adequado,Adequado,0
25,Rural,Inadequado,Inadequado,Adequado,Inadequado,0
25,Rural,Inadequado,Inadequado,Inadequado,Adequado,0
25,Rural,Inadequado,Inadequado,Inadequado,Inadequado,316067
25,Rural,Semi-adequado,Adequado,Adequado,Adequado,0
25,Rural,Semi-adequado,Adequado,Adequado,Inadequado,14598
25,Rural,Semi-adequado,Adequado,Inadequado,Adequado,121818
25,Rural,Semi-adequado,Adequado,Inadequado,Inadequado,321789
25,Rural,Semi-adequado,Inadequado,Adequado,Adequado,989
25,Rural,Semi-adequado,Inadequado,Adequado,Inadequado,8034
25,Rural,Semi-adequado,Inadequado,Inadequado,Adequado,27836
25,Rural,Semi-adequado,Inadequado,Inadequado,Inadequado,0
25,Urbano,Adequado,Adequado,Adequado,Adequado,1752251
25,Urbano,Adequado,Adequado,Adequado,Inadequado,0
25,Urbano,Adequado,Adequado,Inadequado,Adequado,0
25,Urbano,Adequado,Adequado,Inadequado,Inadequado,0
25,Urbano,Adequado,Inadequado,Adequado,Adequado,0
25,Urbano,Adequado,Inadequado,Adequado,Inadequado,0
25,Urbano,Adequado,Inadequado,Inadequado,Adequado,0
25,Urbano,Adequado,Inadequado,Inadequado,Inadequado,0
25,Urbano,Inadequado,Adequado,Adequado,Adequado,0
25,Urbano,Inadequado,Adequado,Adequado,Inadequado,0
25,Urbano,Inadequado,Adequado,Inadequado,Adequado,0
25,Urbano,Inadequado,Adequado,Inadequado,Inadequado,0
25,Urbano,Inadequado,Inadequado,Adequado,Adequado,0
25,Urbano,Inadequado,Inadequado,Adequado,Inadequado,0
25,Urbano,Inadequado,Inadequado,Inadequado,Adequado,0
25,Urbano,Inadequado,Inadequado,Inadequado,Inadequado,24212
25,Urbano,Semi-adequado,Adequado,Adequado,Adequado,0
25,Urbano,Semi-adequado,Adequado,Adequado,Inadequado,114111
25,Urbano,Semi-adequado,Adequado,Inadequado,Adequado,1051218
25,Urbano,Semi-adequado,Adequado,Inadequado,Inadequado,149409
25,Urbano,Semi-adequado,Inadequado,Adequado,Adequado,13724
25,Urbano,Semi-adequado,Inadequado,Adequado,Inadequado,0
25,Urbano,Semi-adequado,Inadequado,Inadequado,Adequado,26767
25,Urbano,Semi-adequado,Inadequado,Inadequado,Inadequado,0
26,Rural,Adequado,Adequado,Adequado,Adequado,104611
26,Rural,Adequado,Adequado,Adequado,Inadequado,0
26,Rural,Adequado,Adequado,Inadequado,Adequado,0
26,Rural,Adequado,Adequado,Inadequado,Inadequado,0
26,Rural,Adequado,Inadequado,Adequado,Adequado,0
26,Rural,Adequado,Inadequado,Adequado,Inadequado,0
26,Rural,Adequado,Inadequado,Inadequado,Adequado,0
26,Rural,Adequado,Inadequado,Inadequado,Inadequado,0
26,Rural,Inadequado,Adequado,Adequado,Adequado,0
26,Rural,Inadequado,Adequado,Adequado,Inadequado,0
26,Rural,Inadequado,Adequado,Inadequado,Adequado,0
26,Rural,Inadequado,Adequado,Inadequado,Inadequado,0
26,Rural,Inadequado,Inadequado,Adequado,Adequado,0
26,Rural,Inadequado,Inadequado,Adequado,Inadequado,0
26,Rural,Inadequado,Inadequado,Inadequado,Adequado,0
26,Rural,Inadequado,Inadequado,Inadequado,Inadequado,606963
26,Rural,Semi-adequado,Adequado,Adequado,Adequado,0
26,Rural,Semi-adequado,Adequado,Adequado,Inadequado,98894
26,Rural,Semi-adequado,Adequado,Inadequado,Adequado,123896
26,Rural,Semi-adequado,Adequado,Inadequado,Inadequado,589288
26,Rural,Semi-adequado,Inadequado,Adequado,Adequado,4897
26,Rural,Semi-adequado,Inadequado,Adequado,Inadequado,23101
26,Rural,Semi-adequado,Inadequado,Inadequado,Adequado,41573
26,Rural,Semi-adequado,Inadequado,Inadequado,Inadequado,0
26,Urbano,Adequado,Adequado,Adequado,Adequado,4786715
26,Urbano,Adequado,Adequado,Adequado,Inadequado,0
26,Urbano,Adequado,Adequado,Inadequado,Adequado,0
26,Urbano,Adequado,Adequado,Inadequado,Inadequado,0
26,Urbano,Adequado,Inadequado,Adequado,Adequado,0
26,Urbano,Adequado,Inadequado,Adequado,Inadequado,0
26,Urbano,Adequado,Inadequado,Inadequado,Adequado,0
26,Urbano,Adequado,Inadequado,Inadequado,Inadequado,0
26,Urbano,Inadequado,Adequado,Adequado,Adequado,0
26,Urbano,Inadequado,Adequado,Adequado,Inadequado,0
26,Urbano,Inadequado,Adequado,Inadequado,Adequado,0
26,Urbano,Inadequado,Adequado,Inadequado,Inadequado,0
26,Urbano,Inadequado,Inadequado,Adequado,Adequado,0
26,Urbano,Inadequado,Inadequado,Adequado,Inadequado,0
26,Urbano,Inadequado,Inadequado,Inadequado,Adequado,0
26,Urbano,Inadequado,Inadequado,Inadequado,Inadequado,95165
26,Urbano,Semi-adequado,Adequado,Adequado,Adequado,0
26,Urbano,Semi-adequado,Adequado,Adequado,Inadequado,608440
26,Urbano,Semi-adequado,Adequado,Inadequado,Adequado,1536175
26,Urbano,Semi-adequado,Adequado,Inadequado,Inadequado,660245
26,Urbano,Semi-adequado,Inadequado,Adequado,Adequado,46050
26,Urbano,Semi-adequado,Inadequado,Adequado,Inadequado,53966
26,Urbano,Semi-adequado,Inadequado,Inadequado,Adequado,119432
26,Urbano,Semi-adequado,Inadequado,Inadequado,Inadequado,0
27,Rural,Adequado,Adequado,Adequado,Adequado,43957
27,Rural,Adequado,Adequado,Adequado,Inadequado,0
27,Rural,Adequado,Adequado,Inadequado,Adequado,0
27,Rural,Adequado,Adequado,Inadequado,Inadequado,0
27,Rural,Adequado,Inadequado,Adequado,Adequado,0
27,Rural,Adequado,Inadequado,Adequado,Inadequado,0
27,Rural,Adequado,Inadequado,Inadequado,Adequado,0
27,Rural,Adequado,Inadequado,Inadequado,Inadequado,0
27,Rural,Inadequado,Adequado,Adequado,Adequado,0
27,Rural,Inadequado,Adequado,Adequado,Inadequado,0
27,Rural,Inadequado,Adequado,Inadequado,Adequado,0
27,Rural,Inadequado,Adequado,Inadequado,Inadequado,0
27,Rural,Inadequado,Inadequado,Adequado,Adequado,0
27,Rural,Inadequado,Inadequado,Adequado,Inadequado,0
27,Rural,Inadequado,Inadequado,Inadequado,Adequado,0
27,Rural,Inadequado,Inadequado,Inadequado,Inadequado,247498
27,Rural,Semi-adequado,Adequado,Adequado,Adequado,0
27,Rural,Semi-adequado,Adequado,Adequado,Inadequado,27277
27,Rural,Semi-adequado,Adequado,Inadequado,Adequado,165316
27,Rural,Semi-adequado,Adequado,Inadequado,Inadequado,278233
27,Rural,Semi-adequado,Inadequado,Adequado,Adequado,1345
27,Rural,Semi-adequado,Inadequado,Adequado,Inadequado,10841
27,Rural,Semi-adequado,Inadequado,Inadequado,Adequado,27568
27,Rural,Semi-adequado,Inadequado,Inadequado,Inadequado,0
27,Urbano,Adequado,Adequado,Adequado,Adequado,1158992
27,Urbano,Adequado,Adequado,Adequado,Inadequado,0
27,Urbano,Adequado,Adequado,Inadequado,Adequado,0
27,Urbano,Adequado,Adequado,Inadequado,Inadequado,0
27,Urbano,Adequado,Inadequado,Adequado,Adequado,0
27,Urbano,Adequado,Inadequado,Adequado,Inadequado,0
27,Urbano,Adequado,Inadequado,Inadequado,Adequado,0
27,Urbano,Adequado,Inadequado,Inadequado,Inadequado,0
27,Urbano,Inadequado,Adequado,Adequado,Adequado,0
27,Urbano,Inadequado,Adequado,Adequado,Inadequado,0
27,Urbano,Inadequado,Adequado,Inadequado,Adequado,0
27,Urbano,Inadequado,Adequado,Inadequado,Inadequado,0
27,Urbano,Inadequado,Inadequado,Adequado,Adequado,0
27,Urbano,Inadequado,Inadequado,Adequado,Inadequado,0
27,Urbano,Inadequado,Inadequado,Inadequado,Adequado,0
27,Urbano,Inadequado,Inadequado,Inadequado,Inadequado,16001
27,Urbano,Semi-adequado,Adequado,Adequado,Adequado,0
27,Urbano,Semi-adequado,Adequado,Adequado,Inadequado,144339
27,Urbano,Semi-adequado,Adequado,Inadequado,Adequado,975617
27,Urbano,Semi-adequado,Adequado,Inadequado,Inadequado,196158
27,Urbano,Semi-adequado,Inadequado,Adequado,Adequado,7707
27,Urbano,Semi-adequado,Inadequado,Adequado,Inadequado,3628
27,Urbano,Semi-adequado,Inadequado,Inadequado,Adequado,25601
27,Urbano,Semi-adequado,Inadequado,Inadequado,Inadequado,0
28,Rural,Adequado,Adequado,Adequado,Adequado,31215
28,Rural,Adequado,Adequado,Adequado,Inadequado,0
28,Rural,Adequado,Adequado,Inadequado,Adequado,0
28,Rural,Adequado,Adequado,Inadequado,Inadequado,0
28,Rural,Adequado,Inadequado,Adequado,Adequado,0
28,Rural,Adequado,Inadequado,Adequado,Inadequado,0
28,Rural,Adequado,Inadequado,Inadequado,Adequado,0
28,Rural,Adequado,Inadequado,Inadequado,Inadequado,0
28,Rural,Inadequado,Adequado,Adequado,Adequado,0
28,Rural,Inadequado,Adequado,Adequado,Inadequado,0
28,Rural,Inadequado,Adequado,Inadequado,Adequado,0
28,Rural,Inadequado,Adequado,Inadequado,Inadequado,0
28,Rural,Inadequado,Inadequado,Adequado,Adequado,0
28,Rural,Inadequado,Inadequado,Adequado,Inadequado,0
28,Rural,Inadequado,Inadequado,Inadequado,Adequado,0
28,Rural,Inadequado,Inadequado,Inadequado,Inadequado,112733
28,Rural,Semi-adequado,Adequado,Adequado,Adequado,0
28,Rural,Semi-adequado,Adequado,Adequado,Inadequado,12622
28,Rural,Semi-adequado,Adequado,Inadequado,Adequado,178489
28,Rural,Semi-adequado,Adequado,Inadequado,Inadequado,133146
28,Rural,Semi-adequado,Inadequado,Adequado,Adequado,3714
28,Rural,Semi-adequado,Inadequado,Adequado,Inadequado,0
28,Rural,Semi-adequado,Inadequado,Inadequado,Adequado,27412
28,Rural,Semi-adequado,Inadequado,Inadequado,Inadequado,0
28,Urbano,Adequado,Adequado,Adequado,Adequado,1017981
28,Urbano,Adequado,Adequado,Adequado,Inadequado,0
28,Urbano,Adequado,Adequado,Inadequado,Adequado,0
28,Urbano,Adequado,Adequado,Inadequado,Inadequado,0
28,Urbano,Adequado,Inadequado,Adequado,Adequado,0
28,Urbano,Adequado,Inadequado,Adequado,Inadequado,0
28,Urbano,Adequado,Inadequado,Inadequado,Adequado,0
28,Urbano,Adequado,Inadequado,Inadequado,Inadequado,0
28,Urbano,Inadequado,Adequado,Adequado,Adequado,0
28,Urbano,Inadequado,Adequado,Adequado,Inadequado,0
28,Urbano,Inadequado,Adequado,Inadequado,Adequado,0
28,Urbano,Inadequado,Adequado,Inadequado,Inadequado,0
28,Urbano,Inadequado,Inadequado,Adequado,Adequado,0
28,Urbano,Inadequado,Inadequado,Adequado,Inadequado,0
28,Urbano,Inadequado,Inadequado,Inadequado,Adequado,0
28,Urbano,Inadequado,Inadequado,Inadequado,Inadequado,16604
28,Urbano,Semi-adequado,Adequado,Adequado,Adequado,0
28,Urbano,Semi-adequado,Adequado,Adequado,Inadequado,11911
28,Urbano,Semi-adequado,Adequado,Inadequado,Adequado,657208
28,Urbano,Semi-adequado,Adequado,Inadequado,Inadequado,57745
28,Urbano,Semi-adequado,Inadequado,Adequado,Adequado,7024
28,Urbano,Semi-adequado,Inadequado,Adequado,Inadequado,1778
28,Urbano,Semi-adequado,Inadequado,Inadequado,Adequado,28967
28,Urbano,Semi-adequado,Inadequado,Inadequado,Inadequado,0
29,Rural,Adequado,Adequado,Adequado,Adequado,287074
29,Rural,Adequado,Adequado,Adequado,Inadequado,0
29,Rural,Adequado,Adequado,Inadequado,Adequado,0
29,Rural,Adequado,Adequado,Inadequado,Inadequado,0
29,Rural,Adequado,Inadequado,Adequado,Adequado,0
29,Rural,Adequado,Inadequado,Adequado,Inadequado,0
29,Rural,Adequado,Inadequado,Inadequado,Adequado,0
29,Rural,Adequado,Inadequado,Inadequado,Inadequado,0
29,Rural,Inadequado,Adequado,Adequado,Adequado,0
29,Rural,Inadequado,Adequado,Adequado,Inadequado,0
29,Rural,Inadequado,Adequado,Inadequado,Adequado,0
29,Rural,Inadequado,Adequado,Inadequado,Inadequado,0
29,Rural,Inadequado,Inadequado,Adequado,Adequado,0
29,Rural,Inadequado,Inadequado,Adequado,Inadequado,0
29,Rural,Inadequado,Inadequado,Inadequado,Adequado,0
29,Rural,Inadequado,Inadequado,Inadequado,Inadequado,745716
29,Rural,Semi-adequado,Adequado,Adequado,Adequado,0
29,Rural,Semi-adequado,Adequado,Adequado,Inadequado,156049
29,Rural,Semi-adequado,Adequado,Inadequado,Adequado,871758
29,Rural,Semi-adequado,Adequado,Inadequado,Inadequado,1930217
29,Rural,Semi-adequado,Inadequado,Adequado,Adequado,10655
29,Rural,Semi-adequado,Inadequado,Adequado,Inadequado,14135
29,Rural,Semi-adequado,Inadequado,Inadequado,Adequado,125296
29,Rural,Semi-adequado,Inadequado,Inadequado,Inadequado,0
29,Urbano,Adequado,Adequado,Adequado,Adequado,6202260
29,Urbano,Adequado,Adequado,Adequado,Inadequado,0
29,Urbano,Adequado,Adequado,Inadequado,Adequado,0
29,Urbano,Adequado,Adequado,Inadequado,Inadequado,0
29,Urbano,Adequado,Inadequado,Adequado,Adequado,0
29,Urbano,Adequado,Inadequado,Adequado,Inadequado,0
29,Urbano,Adequado,Inadequado,Inadequado,Adequado,0
29,Urbano,Adequado,Inadequado,Inadequado,Inadequado,0
29,Urbano,Inadequado,Adequado,Adequado,Adequado,0
29,Urbano,Inadequado,Adequado,Adequado,Inadequado,0
29,Urbano,Inadequado,Adequado,Inadequado,Adequado,0
29,Urbano,Inadequado,Adequado,Inadequado,Inadequado,0
29,Urbano,Inadequado,Inadequado,Adequado,Adequado,0
29,Urbano,Inadequado,Inadequado,Adequado,Inadequado,0
29,Urbano,Inadequado,Inadequado,Inadequado,Adequado,0
29,Urbano,Inadequado,Inadequado,Inadequado,Inadequado,44142
29,Urbano,Semi-adequado,Adequado,Adequado,Adequado,0
29,Urbano,Semi-adequado,Adequado,Adequado,Inadequado,1461310
29,Urbano,Semi-adequado,Adequado,Inadequado,Adequado,2019509
29,Urbano,Semi-adequado,Adequado,Inadequado,Inadequado,796680
29,Urbano,Semi-adequado,Inadequado,Adequado,Adequado,26251
29,Urbano,Semi-adequado,Inadequado,Adequado,Inadequado,18236
29,Urbano,Semi-adequado,Inadequado,Inadequado,Adequado,144223
29,Urbano,Semi-adequado,Inadequado,Inadequado,Inadequado,0
31,Rural,Adequado,Adequado,Adequado,Adequado,188821
31,Rural,Adequado,Adequado,Adequado,Inadequado,0
31,Rural,Adequado,Adequado,Inadequado,Adequado,0
31,Rural,Adequado,Adequado,Inadequado,Inadequado,0
31,Rural,Adequado,Inadequado,Adequado,Adequado,0
31,Rural,Adequado,Inadequado,Adequado,Inadequado,0
31,Rural,Adequado,Inadequado,Inadequado,Adequado,0
31,Rural,Adequado,Inadequado,Inadequado,Inadequado,0
31,Rural,Inadequado,Adequado,Adequado,Adequado,0
31,Rural,Inadequado,Adequado,Adequado,Inadequado,0
31,Rural,Inadequado,Adequado,Inadequado,Adequado,0
31,Rural,Inadequado,Adequado,Inadequado,Inadequado,0
31,Rural,Inadequado,Inadequado,Adequado,Adequado,0
31,Rural,Inadequado,Inadequado,Adequado,Inadequado,0
31,Rural,Inadequado,Inadequado,Inadequado,Adequado,0
31,Rural,Inadequado,Inadequado,Inadequado,Inadequado,110097
31,Rural,Semi-adequado,Adequado,Adequado,Adequado,0
31,Rural,Semi-adequado,Adequado,Adequado,Inadequado,121521
31,Rural,Semi-adequado,Adequado,Inadequado,Adequado,479790
31,Rural,Semi-adequado,Adequado,Inadequado,Inadequado,1823680
31,Rural,Semi-adequado,Inadequado,Adequado,Adequado,375
31,Rural,Semi-adequado,Inadequado,Adequado,Inadequado,560
31,Rural,Semi-adequado,Inadequado,Inadequado,Adequado,5246
31,Rural,Semi-adequado,Inadequado,Inadequado,Inadequado,0
31,Urbano,Adequado,Adequado,Adequado,Adequado,16386304
31,Urbano,Adequado,Adequado,Adequado,Inadequado,0
31,Urbano,Adequado,Adequado,Inadequado,Adequado,0
31,Urbano,Adequado,Adequado,Inadequado,Inadequado,0
31,Urbano,Adequado,Inadequado,Adequado,Adequado,0
31,Urbano,Adequado,Inadequado,Adequado,Inadequado,0
31,Urbano,Adequado,Inadequado,Inadequado,Adequado,0
31,Urbano,Adequado,Inadequado,Inadequado,Inadequado,0
31,Urbano,Inadequado,Adequado,Adequado,Adequado,0
31,Urbano,Inadequado,Adequado,Adequado,Inadequado,0
31,Urbano,Inadequado,Adequado,Inadequado,Adequado,0
31,Urbano,Inadequado,Adequado,Inadequado,Inadequado,0
31,Urbano,Inadequado,Inadequado,Adequado,Adequado,0
31,Urbano,Inadequado,Inadequado,Adequado,Inadequado,0
31,Urbano,Inadequado,Inadequado,Inadequado,Adequado,0
31,Urbano,Inadequado,Inadequado,Inadequado,Inadequado,10818
31,Urbano,Semi-adequado,Adequado,Adequado,Adequado,0
31,Urbano,Semi-adequado,Adequado,Adequado,Inadequado,420217
31,Urbano,Semi-adequado,Adequado,Inadequado,Adequado,1315880
31,Urbano,Semi-adequado,Adequado,Inadequado,Inadequado,265997
31,Urbano,Semi-adequado,Inadequado,Adequado,Adequado,18769
31,Urbano,Semi-adequado,Inadequado,Adequado,Inadequado,1855
31,Urbano,Semi-adequado,Inadequado,Inadequado,Adequado,8222
31,Urbano,Semi-adequado,Inadequado,Inadequado,Inadequado,0
32,Rural,Adequado,Adequado,Adequado,Adequado,39356
32,Rural,Adequado,Adequado,Adequado,Inadequado,0
32,Rural,Adequado,Adequado,Inadequado,Adequado,0
32,Rural,Adequado,Adequado,Inadequado,Inadequado,0
32,Rural,Adequado,Inadequado,Adequado,Adequado,0
32,Rural,Adequado,Inadequado,Adequado,Inadequado,0
32,Rural,Adequado,Inadequado,Inadequado,Adequado,0
32,Rural,Adequado,Inadequado,Inadequado,Inadequado,0
32,Rural,Inadequado,Adequado,Adequado,Adequado,0
32,Rural,Inadequado,Adequado,Adequado,Inadequado,0
32,Rural,Inadequado,Adequado,Inadequado,Adequado,0
32,Rural,Inadequado,Adequado,Inadequado,Inadequado,0
32,Rural,Inadequado,Inadequado,Adequado,Adequado,0
32,Rural,Inadequado,Inadequado,Adequado,Inadequado,0
32,Rural,Inadequado,Inadequado,Inadequado,Adequado,0
32,Rural,Inadequado,Inadequado,Inadequado,Inadequado,4451
32,Rural,Semi-adequado,Adequado,Adequado,Adequado,0
32,Rural,Semi-adequado,Adequado,Adequado,Inadequado,17688
32,Rural,Semi-adequado,Adequado,Inadequado,Adequado,170727
32,Rural,Semi-adequado,Adequado,Inadequado,Inadequado,324146
32,Rural,Semi-adequado,Inadequado,Adequado,Adequado,257
32,Rural,Semi-adequado,Inadequado,Adequado,Inadequado,0
32,Rural,Semi-adequado,Inadequado,Inadequado,Adequado,1176
32,Rural,Semi-adequado,Inadequado,Inadequado,Inadequado,0
32,Urbano,Adequado,Adequado,Adequado,Adequado,2954691
32,Urbano,Adequado,Adequado,Adequado,Inadequado,0
32,Urbano,Adequado,Adequado,Inadequado,Adequado,0
32,Urbano,Adequado,Adequado,Inadequado,Inadequado,0
32,Urbano,Adequado,Inadequado,Adequado,Adequado,0
32,Urbano,Adequado,Inadequado,Adequado,Inadequado,0
32,Urbano,Adequado,Inadequado,Inadequado,Adequado,0
32,Urbano,Adequado,Inadequado,Inadequado,Inadequado,0
32,Urbano,Inadequado,Adequado,Adequado,Adequado,0
32,Urbano,Inadequado,Adequado,Adequado,Inadequado,0
32,Urbano,Inadequado,Adequado,Inadequado,Adequado,0
32,Urbano,Inadequado,Adequado,Inadequado,Inadequado,0
32,Urbano,Inadequado,Inadequado,Adequado,Adequado,0
32,Urbano,Inadequado,Inadequado,Adequado,Inadequado,0
32,Urbano,Inadequado,Inadequado,Inadequado,Adequado,0
32,Urbano,Inadequado,Inadequado,Inadequado,Inadequado,1903
32,Urbano,Semi-adequado,Adequado,Adequado,Adequado,0
32,Urbano,Semi-adequado,Adequado,Adequado,Inadequado,101386
32,Urbano,Semi-adequado,Adequado,Inadequado,Adequado,340549
32,Urbano,Semi-adequado,Adequado,Inadequado,Inadequado,50620
32,Urbano,Semi-adequado,Inadequado,Adequado,Adequado,3976
32,Urbano,Semi-adequado,Inadequado,Adequado,Inadequado,1430
32,Urbano,Semi-adequado,Inadequado,Inadequado,Adequado,2570
32,Urbano,Semi-adequado,Inadequado,Inadequado,Inadequado,0
33,Rural,Adequado,Adequado,Adequado,Adequado,86856
33,Rural,Adequado,Adequado,Adequado,Inadequado,0
33,Rural,Adequado,Adequado,Inadequado,Adequado,0
33,Rural,Adequado,Adequado,Inadequado,Inadequado,0
33,Rural,Adequado,Inadequado,Adequado,Adequado,0
33,Rural,Adequado,Inadequado,Adequado,Inadequado,0
33,Rural,Adequado,Inadequado,Inadequado,Adequado,0
33,Rural,Adequado,Inadequado,Inadequado,Inadequado,0
33,Rural,Inadequado,Adequado,Adequado,Adequado,0
33,Rural,Inadequado,Adequado,Adequado,Inadequado,0
33,Rural,Inadequado,Adequado,Inadequado,Adequado,0
33,Rural,Inadequado,Adequado,Inadequado,Inadequado,0
33,Rural,Inadequado,Inadequado,Adequado,Adequado,0
33,Rural,Inadequado,Inadequado,Adequado,Inadequado,0
33,Rural,Inadequado,Inadequado,Inadequado,Adequado,0
33,Rural,Inadequado,Inadequado,Inadequado,Inadequado,7545
33,Rural,Semi-adequado,Adequado,Adequado,Adequado,0
33,Rural,Semi-adequado,Adequado,Adequado,Inadequado,34979
33,Rural,Semi-adequado,Adequado,Inadequado,Adequado,175287
33,Rural,Semi-adequado,Adequado,Inadequado,Inadequado,121364
33,Rural,Semi-adequado,Inadequado,Adequado,Adequado,5239
33,Rural,Semi-adequado,Inadequado,Adequado,Inadequado,331
33,Rural,Semi-adequado,Inadequado,Inadequado,Adequado,18254
33,Rural,Semi-adequado,Inadequado,Inadequado,Inadequado,0
33,Urbano,Adequado,Adequado,Adequado,Adequado,14165418
33,Urbano,Adequado,Adequado,Adequado,Inadequado,0
33,Urbano,Adequado,Adequado,Inadequado,Adequado,0
33,Urbano,Adequado,Adequado,Inadequado,Inadequado,0
33,Urbano,Adequado,Inadequado,Adequado,Adequado,0
33,Urbano,Adequado,Inadequado,Adequado,Inadequado,0
33,Urbano,Adequado,Inadequado,Inadequado,Adequado,0
33,Urbano,Adequado,Inadequado,Inadequado,Inadequado,0
33,Urbano,Inadequado,Adequado,Adequado,Adequado,0
33,Urbano,Inadequado,Adequado,Adequado,Inadequado,0
33,Urbano,Inadequado,Adequado,Inadequado,Adequado,0
33,Urbano,Inadequado,Adequado,Inadequado,Inadequado,0
33,Urbano,Inadequado,Inadequado,Adequado,Adequado,0
33,Urbano,Inadequado,Inadequado,Adequado,Inadequado,0
33,Urbano,Inadequado,Inadequado,Inadequado,Adequado,0
33,Urbano,Inadequado,Inadequado,Inadequado,Inadequado,3408
33,Urbano,Semi-adequado,Adequado,Adequado,Adequado,0
33,Urbano,Semi-adequado,Adequado,Adequado,Inadequado,1029015
33,Urbano,Semi-adequado,Adequado,Inadequado,Adequado,1057426
33,Urbano,Semi-adequado,Adequado,Inadequado,Inadequado,283816
33,Urbano,Semi-adequado,Inadequado,Adequado,Adequado,173577
33,Urbano,Semi-adequado,Inadequado,Adequado,Inadequado,17811
33,Urbano,Semi-adequado,Inadequado,Inadequado,Adequado,84085
33,Urbano,Semi-adequado,Inadequado,Inadequado,Inadequado,0
35,Rural,Adequado,Adequado,Adequado,Adequado,225575
35,Rural,Adequado,Adequado,Adequado,Inadequado,0
35,Rural,Adequado,Adequado,Inadequado,Adequado,0
35,Rural,Adequado,Adequado,Inadequado,Inadequado,0
35,Rural,Adequado,Inadequado,Adequado,Adequado,0
35,Rural,Adequado,Inadequado,Adequado,Inadequado,0
35,Rural,Adequado,Inadequado,Inadequado,Adequado,0
35,Rural,Adequado,Inadequado,Inadequado,Inadequado,0
35,Rural,Inadequado,Adequado,Adequado,Adequado,0
35,Rural,Inadequado,Adequado,Adequado,Inadequado,0
35,Rural,Inadequado,Adequado,Inadequado,Adequado,0
35,Rural,Inadequado,Adequado,Inadequado,Inadequado,0
35,Rural,Inadequado,Inadequado,Adequado,Adequado,0
35,Rural,Inadequado,Inadequado,Adequado,Inadequado,0
35,Rural,Inadequado,Inadequado,Inadequado,Adequado,0
35,Rural,Inadequado,Inadequado,Inadequado,Inadequado,52171
35,Rural,Semi-adequado,Adequado,Adequado,Adequado,0
35,Rural,Semi-adequado,Adequado,Adequado,Inadequado,66610
35,Rural,Semi-adequado,Adequado,Inadequado,Adequado,661463
35,Rural,Semi-adequado,Adequado,Inadequado,Inadequado,710901
35,Rural,Semi-adequado,Inadequado,Adequado,Adequado,25713
35,Rural,Semi-adequado,Inadequado,Adequado,Inadequado,2004
35,Rural,Semi-adequado,Inadequado,Inadequado,Adequado,47817
35,Rural,Semi-adequado,Inadequado,Inadequado,Inadequado,0
35,Urbano,Adequado,Adequado,Adequado,Adequado,40434145
35,Urbano,Adequado,Adequado,Adequado,Inadequado,0
35,Urbano,Adequado,Adequado,Inadequado,Adequado,0
35,Urbano,Adequado,Adequado,Inadequado,Inadequado,0
35,Urbano,Adequado,Inadequado,Adequado,Adequado,0
35,Urbano,Adequado,Inadequado,Adequado,Inadequado,0
35,Urbano,Adequado,Inadequado,Inadequado,Adequado,0
35,Urbano,Adequado,Inadequado,Inadequado,Inadequado,0
35,Urbano,Inadequado,Adequado,Adequado,Adequado,0
35,Urbano,Inadequado,Adequado,Adequado,Inadequado,0
35,Urbano,Inadequado,Adequado,Inadequado,Adequado,0
35,Urbano,Inadequado,Adequado,Inadequado,Inadequado,0
35,Urbano,Inadequado,Inadequado,Adequado,Adequado,0
35,Urbano,Inadequado,Inadequado,Adequado,Inadequado,0
35,Urbano,Inadequado,Inadequado,Inadequado,Adequado,0
35,Urbano,Inadequado,Inadequado,Inadequado,Inadequado,25508
35,Urbano,Semi-adequado,Adequado,Adequado,Adequado,0
35,Urbano,Semi-adequado,Adequado,Adequado,Inadequado,1282955
35,Urbano,Semi-adequado,Adequado,Inadequado,Adequado,1909385
35,Urbano,Semi-adequado,Adequado,Inadequado,Inadequado,215150
35,Urbano,Semi-adequado,Inadequado,Adequado,Adequado,175989
35,Urbano,Semi-adequado,Inadequado,Adequado,Inadequado,0
35,Urbano,Semi-adequado,Inadequado,Inadequado,Adequado,77285
35,Urbano,Semi-adequado,Inadequado,Inadequado,Inadequado,0
41,Rural,Adequado,Adequado,Adequado,Adequado,103753
41,Rural,Adequado,Adequado,Adequado,Inadequado,0
41,Rural,Adequado,Adequado,Inadequado,Adequado,0
41,Rural,Adequado,Adequado,Inadequado,Inadequado,0
41,Rural,Adequado,Inadequado,Adequado,Adequado,0
41,Rural,Adequado,Inadequado,Adequado,Inadequado,0
41,Rural,Adequado,Inadequado,Inadequado,Adequado,0
41,Rural,Adequado,Inadequado,Inadequado,Inadequado,0
41,Rural,Inadequado,Adequado,Adequado,Adequado,0
41,Rural,Inadequado,Adequado,Adequado,Inadequado,0
41,Rural,Inadequado,Adequado,Inadequado,Adequado,0
41,Rural,Inadequado,Adequado,Inadequado,Inadequado,0
41,Rural,Inadequado,Inadequado,Adequado,Adequado,0
41,Rural,Inadequado,Inadequado,Adequado,Inadequado,0
41,Rural,Inadequado,Inadequado,Inadequado,Adequado,0
41,Rural,Inadequado,Inadequado,Inadequado,Inadequado,24841
41,Rural,Semi-adequado,Adequado,Adequado,Adequado,0
41,Rural,Semi-adequado,Adequado,Adequado,Inadequado,38911
41,Rural,Semi-adequado,Adequado,Inadequado,Adequado,416405
41,Rural,Semi-adequado,Adequado,Inadequado,Inadequado,772214
41,Rural,Semi-adequado,Inadequado,Adequado,Adequado,4995
41,Rural,Semi-adequado,Inadequado,Adequado,Inadequado,3227
41,Rural,Semi-adequado,Inadequado,Inadequado,Adequado,4745
41,Rural,Semi-adequado,Inadequado,Inadequado,Inadequado,0
41,Urbano,Adequado,Adequado,Adequado,Adequado,7830145
41,Urbano,Adequado,Adequado,Adequado,Inadequado,0
41,Urbano,Adequado,Adequado,Inadequado,Adequado,0
41,Urbano,Adequado,Adequado,Inadequado,Inadequado,0
41,Urbano,Adequado,Inadequado,Adequado,Adequado,0
41,Urbano,Adequado,Inadequado,Adequado,Inadequado,0
41,Urbano,Adequado,Inadequado,Inadequado,Adequado,0
41,Urbano,Adequado,Inadequado,Inadequado,Inadequado,0
41,Urbano,Inadequado,Adequado,Adequado,Adequado,0
41,Urbano,Inadequado,Adequado,Adequado,Inadequado,0
41,Urbano,Inadequado,Adequado,Inadequado,Adequado,0
41,Urbano,Inadequado,Adequado,Inadequado,Inadequado,0
41,Urbano,Inadequado,Inadequado,Adequado,Adequado,0
41,Urbano,Inadequado,Inadequado,Adequado,Inadequado,0
41,Urbano,Inadequado,Inadequado,Inadequado,Adequado,0
41,Urbano,Inadequado,Inadequado,Inadequado,Inadequado,0
41,Urbano,Semi-adequado,Adequado,Adequado,Adequado,0
41,Urbano,Semi-adequado,Adequado,Adequado,Inadequado,53177
41,Urbano,Semi-adequado,Adequado,Inadequado,Adequado,2011558
41,Urbano,Semi-adequado,Adequado,Inadequado,Inadequado,69794
41,Urbano,Semi-adequado,Inadequado,Adequado,Adequado,47911
41,Urbano,Semi-adequado,Inadequado,Adequado,Inadequado,2162
41,Urbano,Semi-adequado,Inadequado,Inadequado,Adequado,36725
41,Urbano,Semi-adequado,Inadequado,Inadequado,Inadequado,0
42,Rural,Adequado,Adequado,Adequado,Adequado,107628
42,Rural,Adequado,Adequado,Adequado,Inadequado,0
42,Rural,Adequado,Adequado,Inadequado,Adequado,0
42,Rural,Adequado,Adequado,Inadequado,Inadequado,0
42,Rural,Adequado,Inadequado,Adequado,Adequado,0
42,Rural,Adequado,Inadequado,Adequado,Inadequado,0
42,Rural,Adequado,Inadequado,Inadequado,Adequado,0
42,Rural,Adequado,Inadequado,Inadequado,Inadequado,0
42,Rural,Inadequado,Adequado,Adequado,Adequado,0
42,Rural,Inadequado,Adequado,Adequado,Inadequado,0
42,Rural,Inadequado,Adequado,Inadequado,Adequado,0
42,Rural,Inadequado,Adequado,Inadequado,Inadequado,0
42,Rural,Inadequado,Inadequado,Adequado,Adequado,0
42,Rural,Inadequado,Inadequado,Adequado,Inadequado,0
42,Rural,Inadequado,Inadequado,Inadequado,Adequado,0
42,Rural,Inadequado,Inadequado,Inadequado,Inadequado,10987
42,Rural,Semi-adequado,Adequado,Adequado,Adequado,0
42,Rural,Semi-adequado,Adequado,Adequado,Inadequado,41220
42,Rural,Semi-adequado,Adequado,Inadequado,Adequado,410071
42,Rural,Semi-adequado,Adequado,Inadequado,Inadequado,406528
42,Rural,Semi-adequado,Inadequado,Adequado,Adequado,6987
42,Rural,Semi-adequado,Inadequado,Adequado,Inadequado,546
42,Rural,Semi-adequado,Inadequado,Inadequado,Adequado,20272
42,Rural,Semi-adequado,Inadequado,Inadequado,Inadequado,0
42,Urbano,Adequado,Adequado,Adequado,Adequado,3816217
42,Urbano,Adequado,Adequado,Adequado,Inadequado,0
42,Urbano,Adequado,Adequado,Inadequado,Adequado,0
42,Urbano,Adequado,Adequado,Inadequado,Inadequado,0
42,Urbano,Adequado,Inadequado,Adequado,Adequado,0
42,Urbano,Adequado,Inadequado,Adequado,Inadequado,0
42,Urbano,Adequado,Inadequado,Inadequado,Adequado,0
42,Urbano,Adequado,Inadequado,Inadequado,Inadequado,0
42,Urbano,Inadequado,Adequado,Adequado,Adequado,0
42,Urbano,Inadequado,Adequado,Adequado,Inadequado,0
42,Urbano,Inadequado,Adequado,Inadequado,Adequado,0
42,Urbano,Inadequado,Adequado,Inadequado,Inadequado,0
42,Urbano,Inadequado,Inadequado,Adequado,Adequado,0
42,Urbano,Inadequado,Inadequado,Adequado,Inadequado,0
42,Urbano,Inadequado,Inadequado,Inadequado,Adequado,0
42,Urbano,Inadequado,Inadequado,Inadequado,Inadequado,4133
42,Urbano,Semi-adequado,Adequado,Adequado,Adequado,0
42,Urbano,Semi-adequado,Adequado,Adequado,Inadequado,316683
42,Urbano,Semi-adequado,Adequado,Inadequado,Adequado,1862874
42,Urbano,Semi-adequado,Adequado,Inadequado,Inadequado,101394
42,Urbano,Semi-adequado,Inadequado,Adequado,Adequado,23956
42,Urbano,Semi-adequado,Inadequado,Adequado,Inadequado,567
42,Urbano,Semi-adequado,Inadequado,Inadequado,Adequado,22966
42,Urbano,Semi-adequado,Inadequado,Inadequado,Inadequado,0
43,Rural,Adequado,Adequado,Adequado,Adequado,98568
43,Rural,Adequado,Adequado,Adequado,Inadequado,0
43,Rural,Adequado,Adequado,Inadequado,Adequado,0
43,Rural,Adequado,Adequado,Inadequado,Inadequado,0
43,Rural,Adequado,Inadequado,Adequado,Adequado,0
43,Rural,Adequado,Inadequado,Adequado,Inadequado,0
43,Rural,Adequado,Inadequado,Inadequado,Adequado,0
43,Rural,Adequado,Inadequado,Inadequado,Inadequado,0
43,Rural,Inadequado,Adequado,Adequado,Adequado,0
43,Rural,Inadequado,Adequado,Adequado,Inadequado,0
43,Rural,Inadequado,Adequado,Inadequado,Adequado,0
43,Rural,Inadequado,Adequado,Inadequado,Inadequado,0
43,Rural,Inadequado,Inadequado,Adequado,Adequado,0
43,Rural,Inadequado,Inadequado,Adequado,Inadequado,0
43,Rural,Inadequado,Inadequado,Inadequado,Adequado,0
43,Rural,Inadequado,Inadequado,Inadequado,Inadequado,12120
43,Rural,Semi-adequado,Adequado,Adequado,Adequado,0
43,Rural,Semi-adequado,Adequado,Adequado,Inadequado,45220
43,Rural,Semi-adequado,Adequado,Inadequado,Adequado,688443
43,Rural,Semi-adequado,Adequado,Inadequado,Inadequado,650357
43,Rural,Semi-adequado,Inadequado,Adequado,Adequado,521
43,Rural,Semi-adequado,Inadequado,Adequado,Inadequado,600
43,Rural,Semi-adequado,Inadequado,Inadequado,Adequado,4092
43,Rural,Semi-adequado,Inadequado,Inadequado,Inadequado,0
43,Urbano,Adequado,Adequado,Adequado,Adequado,7303278
43,Urbano,Adequado,Adequado,Adequado,Inadequado,0
43,Urbano,Adequado,Adequado,Inadequado,Adequado,0
43,Urbano,Adequado,Adequado,Inadequado,Inadequado,0
43,Urbano,Adequado,Inadequado,Adequado,Adequado,0
43,Urbano,Adequado,Inadequado,Adequado,Inadequado,0
43,Urbano,Adequado,Inadequado,Inadequado,Adequado,0
43,Urbano,Adequado,Inadequado,Inadequado,Inadequado,0
43,Urbano,Inadequado,Adequado,Adequado,Adequado,0
43,Urbano,Inadequado,Adequado,Adequado,Inadequado,0
43,Urbano,Inadequado,Adequado,Inadequado,Adequado,0
43,Urbano,Inadequado,Adequado,Inadequado,Inadequado,0
43,Urbano,Inadequado,Inadequado,Adequado,Adequado,0
43,Urbano,Inadequado,Inadequado,Adequado,Inadequado,0
43,Urbano,Inadequado,Inadequado,Inadequado,Adequado,0
43,Urbano,Inadequado,Inadequado,Inadequado,Inadequado,5068
43,Urbano,Semi-adequado,Adequado,Adequado,Adequado,0
43,Urbano,Semi-adequado,Adequado,Adequado,Inadequado,390843
43,Urbano,Semi-adequado,Adequado,Inadequado,Adequado,1913231
43,Urbano,Semi-adequado,Adequado,Inadequado,Inadequado,113108
43,Urbano,Semi-adequado,Inadequado,Adequado,Adequado,116593
43,Urbano,Semi-adequado,Inadequado,Adequado,Inadequado,1306
43,Urbano,Semi-adequado,Inadequado,Inadequado,Adequado,15298
43,Urbano,Semi-adequado,Inadequado,Inadequado,Inadequado,0
50,Rural,Adequado,Adequado,Adequado,Adequado,1618
50,Rural,Adequado,Adequado,Adequado,Inadequado,0
50,Rural,Adequado,Adequado,Inadequado,Adequado,0
50,Rural,Adequado,Adequado,Inadequado,Inadequado,0
50,Rural,Adequado,Inadequado,Adequado,Adequado,0
50,Rural,Adequado,Inadequado,Adequado,Inadequado,0
50,Rural,Adequado,Inadequado,Inadequado,Adequado,0
50,Rural,Adequado,Inadequado,Inadequado,Inadequado,0
50,Rural,Inadequado,Adequado,Adequado,Adequado,0
50,Rural,Inadequado,Adequado,Adequado,Inadequado,0
50,Rural,Inadequado,Adequado,Inadequado,Adequado,0
50,Rural,Inadequado,Adequado,Inadequado,Inadequado,0
50,Rural,Inadequado,Inadequado,Adequado,Adequado,0
50,Rural,Inadequado,Inadequado,Adequado,Inadequado,0
50,Rural,Inadequado,Inadequado,Inadequado,Adequado,0
50,Rural,Inadequado,Inadequado,Inadequado,Inadequado,8673
50,Rural,Semi-adequado,Adequado,Adequado,Adequado,0
50,Rural,Semi-adequado,Adequado,Adequado,Inadequado,18207
50,Rural,Semi-adequado,Adequado,Inadequado,Adequado,25130
50,Rural,Semi-adequado,Adequado,Inadequado,Inadequado,197871
50,Rural,Semi-adequado,Inadequado,Adequado,Adequado,0
50,Rural,Semi-adequado,Inadequado,Adequado,Inadequado,0
50,Rural,Semi-adequado,Inadequado,Inadequado,Adequado,0
50,Rural,Semi-adequado,Inadequado,Inadequado,Inadequado,0
50,Urbano,Adequado,Adequado,Adequado,Adequado,1304060
50,Urbano,Adequado,Adequado,Adequado,Inadequado,0
50,Urbano,Adequado,Adequado,Inadequado,Adequado,0
50,Urbano,Adequado,Adequado,Inadequado,Inadequado,0
50,Urbano,Adequado,Inadequado,Adequado,Adequado,0
50,Urbano,Adequado,Inadequado,Adequado,Inadequado,0
50,Urbano,Adequado,Inadequado,Inadequado,Adequado,0
50,Urbano,Adequado,Inadequado,Inadequado,Inadequado,0
50,Urbano,Inadequado,Adequado,Adequado,Adequado,0
50,Urbano,Inadequado,Adequado,Adequado,Inadequado,0
50,Urbano,Inadequado,Adequado,Inadequado,Adequado,0
50,Urbano,Inadequado,Adequado,Inadequado,Inadequado,0
50,Urbano,Inadequado,Inadequado,Adequado,Adequado,0
50,Urbano,Inadequado,Inadequado,Adequado,Inadequado,0
50,Urbano,Inadequado,Inadequado,Inadequado,Adequado,0
50,Urbano,Inadequado,Inadequado,Inadequado,Inadequado,4745
50,Urbano,Semi-adequado,Adequado,Adequado,Adequado,0
50,Urbano,Semi-adequado,Adequado,Adequado,Inadequado,68391
50,Urbano,Semi-adequado,Adequado,Inadequado,Adequado,1050019
50,Urbano,Semi-adequado,Adequado,Inadequado,Inadequado,24591
50,Urbano,Semi-adequado,Inadequado,Adequado,Adequado,2886
50,Urbano,Semi-adequado,Inadequado,Adequado,Inadequado,0
50,Urbano,Semi-adequado,Inadequado,Inadequado,Adequado,3142
50,Urbano,Semi-adequado,Inadequado,Inadequado,Inadequado,0
51,Rural,Adequado,Adequado,Adequado,Adequado,1351
51,Rural,Adequado,Adequado,Adequado,Inadequado,0
51,Rural,Adequado,Adequado,Inadequado,Adequado,0
51,Rural,Adequado,Adequado,Inadequado,Inadequado,0
51,Rural,Adequado,Inadequado,Adequado,Adequado,0
51,Rural,Adequado,Inadequado,Adequado,Inadequado,0
51,Rural,Adequado,Inadequado,Inadequado,Adequado,0
51,Rural,Adequado,Inadequado,Inadequado,Inadequado,0
51,Rural,Inadequado,Adequado,Adequado,Adequado,0
51,Rural,Inadequado,Adequado,Adequado,Inadequado,0
51,Rural,Inadequado,Adequado,Inadequado,Adequado,0
51,Rural,Inadequado,Adequado,Inadequado,Inadequado,0
51,Rural,Inadequado,Inadequado,Adequado,Adequado,0
51,Rural,Inadequado,Inadequado,Adequado,Inadequado,0
51,Rural,Inadequado,Inadequado,Inadequado,Adequado,0
51,Rural,Inadequado,Inadequado,Inadequado,Inadequado,12923
51,Rural,Semi-adequado,Adequado,Adequado,Adequado,0
51,Rural,Semi-adequado,Adequado,Adequado,Inadequado,48709
51,Rural,Semi-adequado,Adequado,Inadequado,Adequado,57506
51,Rural,Semi-adequado,Adequado,Inadequado,Inadequado,376413
51,Rural,Semi-adequado,Inadequado,Adequado,Adequado,0
51,Rural,Semi-adequado,Inadequado,Adequado,Inadequado,0
51,Rural,Semi-adequado,Inadequado,Inadequado,Adequado,0
51,Rural,Semi-adequado,Inadequado,Inadequado,Inadequado,0
51,Urbano,Adequado,Adequado,Adequado,Adequado,1248822
51,Urbano,Adequado,Adequado,Adequado,Inadequado,0
51,Urbano,Adequado,Adequado,Inadequado,Adequado,0
51,Urbano,Adequado,Adequado,Inadequado,Inadequado,0
51,Urbano,Adequado,Inadequado,Adequado,Adequado,0
51,Urbano,Adequado,Inadequado,Adequado,Inadequado,0
51,Urbano,Adequado,Inadequado,Inadequado,Adequado,0
51,Urbano,Adequado,Inadequado,Inadequado,Inadequado,0
51,Urbano,Inadequado,Adequado,Adequado,Adequado,0
51,Urbano,Inadequado,Adequado,Adequado,Inadequado,0
51,Urbano,Inadequado,Adequado,Inadequado,Adequado,0
51,Urbano,Inadequado,Adequado,Inadequado,Inadequado,0
51,Urbano,Inadequado,Inadequado,Adequado,Adequado,0
51,Urbano,Inadequado,Inadequado,Adequado,Inadequado,0
51,Urbano,Inadequado,Inadequado,Inadequado,Adequado,0
51,Urbano,Inadequado,Inadequado,Inadequado,Inadequado,5057
51,Urbano,Semi-adequado,Adequado,Adequado,Adequado,0
51,Urbano,Semi-adequado,Adequado,Adequado,Inadequado,5665
51,Urbano,Semi-adequado,Adequado,Inadequado,Adequado,1539976
51,Urbano,Semi-adequado,Adequado,Inadequado,Inadequado,72520
51,Urbano,Semi-adequado,Inadequado,Adequado,Adequado,26733
51,Urbano,Semi-adequado,Inadequado,Adequado,Inadequado,0
51,Urbano,Semi-adequado,Inadequado,Inadequado,Adequado,35023
51,Urbano,Semi-adequado,Inadequado,Inadequado,Inadequado,0
52,Rural,Adequado,Adequado,Adequado,Adequado,10372
52,Rural,Adequado,Adequado,Adequado,Inadequado,0
52,Rural,Adequado,Adequado,Inadequado,Adequado,0
52,Rural,Adequado,Adequado,Inadequado,Inadequado,0
52,Rural,Adequado,Inadequado,Adequado,Adequado,0
52,Rural,Adequado,Inadequado,Adequado,Inadequado,0
52,Rural,Adequado,Inadequado,Inadequado,Adequado,0
52,Rural,Adequado,Inadequado,Inadequado,Inadequado,0
52,Rural,Inadequado,Adequado,Adequado,Adequado,0
52,Rural,Inadequado,Adequado,Adequado,Inadequado,0
52,Rural,Inadequado,Adequado,Inadequado,Adequado,0
52,Rural,Inadequado,Adequado,Inadequado,Inadequado,0
52,Rural,Inadequado,Inadequado,Adequado,Adequado,0
52,Rural,Inadequado,Inadequado,Adequado,Inadequado,0
52,Rural,Inadequado,Inadequado,Inadequado,Adequado,0
52,Rural,Inadequado,Inadequado,Inadequado,Inadequado,37167
52,Rural,Semi-adequado,Adequado,Adequado,Adequado,0
52,Rural,Semi-adequado,Adequado,Adequado,Inadequado,18242
52,Rural,Semi-adequado,Adequado,Inadequado,Adequado,20913
52,Rural,Semi-adequado,Adequado,Inadequado,Inadequado,457164
52,Rural,Semi-adequado,Inadequado,Adequado,Adequado,0
52,Rural,Semi-adequado,Inadequado,Adequado,Inadequado,0
52,Rural,Semi-adequado,Inadequado,Inadequado,Adequado,8099
52,Rural,Semi-adequado,Inadequado,Inadequado,Inadequado,0
52,Urbano,Adequado,Adequado,Adequado,Adequado,4158256
52,Urbano,Adequado,Adequado,Adequado,Inadequado,0
52,Urbano,Adequado,Adequado,Inadequado,Adequado,0
52,Urbano,Adequado,Adequado,Inadequado,Inadequado,0
52,Urbano,Adequado,Inadequado,Adequado,Adequado,0
52,Urbano,Adequado,Inadequado,Adequado,Inadequado,0
52,Urbano,Adequado,Inadequado,Inadequado,Adequado,0
52,Urbano,Adequado,Inadequado,Inadequado,Inadequado,0
52,Urbano,Inadequado,Adequado,Adequado,Adequado,0
52,Urbano,Inadequado,Adequado,Adequado,Inadequado,0
52,Urbano,Inadequado,Adequado,Inadequado,Adequado,0
52,Urbano,Inadequado,Adequado,Inadequado,Inadequado,0
52,Urbano,Inadequado,Inadequado,Adequado,Adequado,0
52,Urbano,Inadequado,Inadequado,Adequado,Inadequado,0
52,Urbano,Inadequado,Inadequado,Inadequado,Adequado,0
52,Urbano,Inadequado,Inadequado,Inadequado,Inadequado,55694
52,Urbano,Semi-adequado,Adequado,Adequado,Adequado,0
52,Urbano,Semi-adequado,Adequado,Adequado,Inadequado,21063
52,Urbano,Semi-adequado,Adequado,Inadequado,Adequado,1989036
52,Urbano,Semi-adequado,Adequado,Inadequado,Inadequado,50422
52,Urbano,Semi-adequado,Inadequado,Adequado,Adequado,67511
52,Urbano,Semi-adequado,Inadequado,Adequado,Inadequado,7325
52,Urbano,Semi-adequado,Inadequado,Inadequado,Adequado,119240
52,Urbano,Semi-adequado,Inadequado,Inadequado,Inadequado,0
53,Rural,Adequado,Adequado,Adequado,Adequado,506
53,Rural,Adequado,Adequado,Adequado,Inadequado,0
53,Rural,Adequado,Adequado,Inadequado,Adequado,0
53,Rural,Adequado,Adequado,Inadequado,Inadequado,0
53,Rural,Adequado,Inadequado,Adequado,Adequado,0
53,Rural,Adequado,Inadequado,Adequado,Inadequado,0
53,Rural,Adequado,Inadequado,Inadequado,Adequado,0
53,Rural,Adequado,Inadequado,Inadequado,Inadequado,0
53,Rural,Inadequado,Adequado,Adequado,Adequado,0
53,Rural,Inadequado,Adequado,Adequado,Inadequado,0
53,Rural,Inadequado,Adequado,Inadequado,Adequado,0
53,Rural,Inadequado,Adequado,Inadequado,Inadequado,0
53,Rural,Inadequado,Inadequado,Adequado,Adequado,0
53,Rural,Inadequado,Inadequado,Adequado,Inadequado,0
53,Rural,Inadequado,Inadequado,Inadequado,Adequado,0
53,Rural,Inadequado,Inadequado,Inadequado,Inadequado,2760
53,Rural,Semi-adequado,Adequado,Adequado,Adequado,0
53,Rural,Semi-adequado,Adequado,Adequado,Inadequado,21115
53,Rural,Semi-adequado,Adequado,Inadequado,Adequado,20145
53,Rural,Semi-adequado,Adequado,Inadequado,Inadequado,117800
53,Rural,Semi-adequado,Inadequado,Adequado,Adequado,0
53,Rural,Semi-adequado,Inadequado,Adequado,Inadequado,0
53,Rural,Semi-adequado,Inadequado,Inadequado,Adequado,649
53,Rural,Semi-adequado,Inadequado,Inadequado,Inadequado,0
53,Urbano,Adequado,Adequado,Adequado,Adequado,2348144
53,Urbano,Adequado,Adequado,Adequado,Inadequado,0
53,Urbano,Adequado,Adequado,Inadequado,Adequado,0
53,Urbano,Adequado,Adequado,Inadequado,Inadequado,0
53,Urbano,Adequado,Inadequado,Adequado,Adequado,0
53,Urbano,Adequado,Inadequado,Adequado,Inadequado,0
53,Urbano,Adequado,Inadequado,Inadequado,Adequado,0
53,Urbano,Adequado,Inadequado,Inadequado,Inadequado,0
53,Urbano,Inadequado,Adequado,Adequado,Adequado,0
53,Urbano,Inadequado,Adequado,Adequado,Inadequado,0
53,Urbano,Inadequado,Adequado,Inadequado,Adequado,0
53,Urbano,Inadequado,Adequado,Inadequado,Inadequado,0
53,Urbano,Inadequado,Inadequado,Adequado,Adequado,0
53,Urbano,Inadequado,Inadequado,Adequado,Inadequado,0
53,Urbano,Inadequado,Inadequado,Inadequado,Adequado,0
53,Urbano,Inadequado,Inadequado,Inadequado,Inadequado,0
53,Urbano,Semi-adequado,Adequado,Adequado,Adequado,0
53,Urbano,Semi-adequado,Adequado,Adequado,Inadequado,245653
53,Urbano,Semi-adequado,Adequado,Inadequado,Adequado,215962
53,Urbano,Semi-adequado,Adequado,Inadequado,Inadequado,35894
53,Urbano,Semi-adequado,Inadequado,Adequado,Adequado,3069
53,Urbano,Semi-adequado,Inadequado,Adequado,Inadequado,0
53,Urbano,Semi-adequado,Inadequado,Inadequado,Adequado,1022
53,Urbano,Semi-adequado,Inadequado,Inadequado,Inadequado,0
